facebook/react,Thu May 30 2013 06:59:49 GMT+1000 (Australian Eastern Standard Time),0
facebook/react,Fri Dec 20 2013 22:23:38 GMT+1000 (Australian Eastern Standard Time),2610
facebook/react,Wed May 07 2014 05:36:29 GMT+1000 (Australian Eastern Standard Time),5280
facebook/react,Mon Sep 22 2014 17:32:55 GMT+1000 (Australian Eastern Standard Time),7950
facebook/react,Thu Dec 18 2014 12:40:54 GMT+1000 (Australian Eastern Standard Time),10620
facebook/react,Fri Feb 06 2015 03:35:40 GMT+1000 (Australian Eastern Standard Time),13290
facebook/react,Fri Mar 20 2015 12:01:35 GMT+1000 (Australian Eastern Standard Time),15960
facebook/react,Sat May 02 2015 01:37:43 GMT+1000 (Australian Eastern Standard Time),18630
facebook/react,Thu Jul 02 2015 17:40:27 GMT+1000 (Australian Eastern Standard Time),21270
facebook/react,Fri Sep 04 2015 05:48:32 GMT+1000 (Australian Eastern Standard Time),23940
facebook/react,Tue Oct 27 2015 07:19:39 GMT+1000 (Australian Eastern Standard Time),26610
facebook/react,Thu Dec 17 2015 21:49:04 GMT+1000 (Australian Eastern Standard Time),29280
facebook/react,Thu Feb 11 2016 05:38:43 GMT+1000 (Australian Eastern Standard Time),31950
facebook/react,Sat Mar 26 2016 20:53:10 GMT+1000 (Australian Eastern Standard Time),34620
facebook/react,Fri May 13 2016 21:01:43 GMT+1000 (Australian Eastern Standard Time),37290
facebook/react,Thu Jul 07 2016 04:44:26 GMT+1000 (Australian Eastern Standard Time),39960
facebook/react,Sun May 28 2023 20:33:35 GMT+1000 (Australian Eastern Standard Time),208095
angular/angular,Tue Sep 30 2014 06:45:14 GMT+1000 (Australian Eastern Standard Time),0
angular/angular,Wed May 27 2015 04:01:53 GMT+1000 (Australian Eastern Standard Time),2610
angular/angular,Wed Nov 11 2015 09:38:21 GMT+1000 (Australian Eastern Standard Time),5280
angular/angular,Tue Mar 08 2016 00:31:39 GMT+1000 (Australian Eastern Standard Time),7950
angular/angular,Tue Jun 07 2016 07:39:33 GMT+1000 (Australian Eastern Standard Time),10620
angular/angular,Thu Sep 08 2016 06:39:59 GMT+1000 (Australian Eastern Standard Time),13290
angular/angular,Tue Dec 06 2016 11:36:24 GMT+1000 (Australian Eastern Standard Time),15960
angular/angular,Fri Mar 10 2017 19:54:50 GMT+1000 (Australian Eastern Standard Time),18630
angular/angular,Fri May 26 2017 16:15:26 GMT+1000 (Australian Eastern Standard Time),21270
angular/angular,Sat Aug 26 2017 23:39:21 GMT+1000 (Australian Eastern Standard Time),23940
angular/angular,Tue Nov 14 2017 22:37:42 GMT+1000 (Australian Eastern Standard Time),26610
angular/angular,Wed Feb 07 2018 17:59:42 GMT+1000 (Australian Eastern Standard Time),29280
angular/angular,Fri Apr 27 2018 16:41:47 GMT+1000 (Australian Eastern Standard Time),31950
angular/angular,Thu Jul 12 2018 06:17:13 GMT+1000 (Australian Eastern Standard Time),34620
angular/angular,Fri Sep 28 2018 18:56:35 GMT+1000 (Australian Eastern Standard Time),37290
angular/angular,Tue Dec 25 2018 13:54:29 GMT+1000 (Australian Eastern Standard Time),39960
angular/angular,Sun May 28 2023 20:34:17 GMT+1000 (Australian Eastern Standard Time),88343
